Threshold,Recall,Precision,Accuracy,F1-Score
0.2,0.951734539969834,0.2572360375050958,0.38127815785082597,0.4050064184852375
0.3,0.8242835595776772,0.3212815990593768,0.5758384782245953,0.4623519458544839
0.4,0.6583710407239819,0.412961210974456,0.7173368930418822,0.5075581395348837
0.5,0.5580693815987934,0.519298245614035,0.7879192391122977,0.5379861868411486
0.6,0.4645550527903469,0.5698427382053654,0.8039379275821792,0.5118404653095139
